[
  {
    "id": "product2",
    "name": "Nyers Krumpli",
    "price": "1200",
    "priceAfterDiscount": "990",
    "imageName": "product2",
    "ratings": "5"
  },
  {
    "id": "product2",
    "name": "Nyers Krumpli",
    "price": "1200",
    "priceAfterDiscount": "990",
    "imageName": "product2",
    "ratings": "5"
  },
  {
    "id": "product2",
    "name": "Nyers Krumpli",
    "price": "2060",
    "priceAfterDiscount": "1120",
    "imageName": "product2",
    "ratings": "5"
  },
  {
    "id": "product2",
    "name": "Nyers Krumpli",
    "price": "1870",
    "priceAfterDiscount": "930",
    "imageName": "product2",
    "ratings": "5"
  },
  {
    "id": "product2",
    "name": "Nyers Krumpli",
    "price": "1000",
    "priceAfterDiscount": "700",
    "imageName": "product2",
    "ratings": "5"
  },
  {
    "id": "product2",
    "name": "Nyers Krumpli",
    "price": "3000",
    "priceAfterDiscount": "1500",
    "imageName": "product2",
    "ratings": "5"
  },
  {
    "id": "product2",
    "name": "Nyers Krumpli",
    "price": "2000",
    "priceAfterDiscount": "900",
    "imageName": "product2",
    "ratings": "5"
  },
  {
    "id": "product2",
    "name": "Nyers Krumpli",
    "price": "1000",
    "priceAfterDiscount": "650",
    "imageName": "product2",
    "ratings": "5"
  },
  {
    "id": "product2",
    "name": "Nyers Krumpli",
    "price": "3000",
    "priceAfterDiscount": "1300",
    "imageName": "product2",
    "ratings": "5"
  }
]
